{"cameraMode":{"drawMode":0,"name":"Shaded","section":"Shading Mode"},"sceneLighting":true,"audioPlay":false,"sceneViewState":{"showFog":true,"showMaterialUpdate":false,"showSkybox":true,"showFlares":true,"showImageEffects":true,"showParticleSystems":true},"in2DMode":false,"pivot":{"x":-3.023740530014038,"y":-0.3567284047603607,"z":2.8022053241729738},"rotation":{"x":0.028313053771853448,"y":-0.6870222687721252,"z":0.026806665584445,"w":0.7255914211273193},"size":1.5433013439178467,"orthographic":false}